{
    "MSFT": 408.2699890136719,
    "NVDA": 181.67010498046875,
    "ORCL": 151.61000061035156,
    "AVGO": 345.9849853515625,
    "SMCI": 31.93000030517578,
    "VRT": 264.9750061035156,
    "PWR": 565.3599853515625,
    "GEV": 826.8400268554688,
    "IONQ": 35.711700439453125,
    "TSLA": 399.0299987792969,
    "AMD": 201.69500732421875,
    "ASML": 1349.0400390625
}