{
    "MSFT": 409.0400085449219,
    "NVDA": 176.72000122070312,
    "ORCL": 152.02000427246094,
    "AVGO": 311.3599853515625,
    "SMCI": 28.950000762939453,
    "VRT": 187.0800018310547,
    "PWR": 482.70489501953125,
    "GEV": 770.0999755859375,
    "IONQ": 37.41999816894531,
    "TSLA": 416.3399963378906,
    "AMD": 240.52259826660156,
    "ASML": 1375.5699462890625
}