{
    "MSFT": 517.9650268554688,
    "NVDA": 187.2698974609375,
    "ORCL": 286.2850036621094,
    "AVGO": 336.989990234375,
    "SMCI": 51.75,
    "VRT": 161.67550659179688,
    "PWR": 421.8699951171875,
    "GEV": 594.8150024414062,
    "IONQ": 72.981201171875,
    "TSLA": 427.8804931640625,
    "AMD": 164.69000244140625,
    "ASML": 1032.6400146484375
}