{
    "MSFT": 404.3349914550781,
    "NVDA": 185.47000122070312,
    "ORCL": 162.5399932861328,
    "AVGO": 340.64129638671875,
    "SMCI": 31.75,
    "VRT": 269.3800048828125,
    "PWR": 567.8900146484375,
    "GEV": 843.5499877929688,
    "IONQ": 34.15999984741211,
    "TSLA": 407.67999267578125,
    "AMD": 204.67909240722656,
    "ASML": 1386.2059326171875
}