{
    "MSFT": 514.8900146484375,
    "NVDA": 183.9149932861328,
    "ORCL": 290.8599853515625,
    "AVGO": 349.7550048828125,
    "SMCI": 52.65999984741211,
    "VRT": 174.8800048828125,
    "PWR": 434.7799987792969,
    "GEV": 600.9400024414062,
    "IONQ": 63.025001525878906,
    "TSLA": 439.1868896484375,
    "AMD": 234.39999389648438,
    "ASML": 1029.6300048828125
}