{
    "MSFT": 520.1699829101562,
    "NVDA": 180.4499969482422,
    "ORCL": 248.27999877929688,
    "AVGO": 306.3399963378906,
    "SMCI": 45.369998931884766,
    "VRT": 133.07000732421875,
    "PWR": 380.80999755859375,
    "GEV": 621.9099731445312,
    "IONQ": 40.22999954223633,
    "TSLA": 330.55999755859375,
    "AMD": 177.50999450683594,
    "ASML": 742.1599731445312
}