{
    "MSFT": 395.0061950683594,
    "NVDA": 180.5749969482422,
    "ORCL": 154.6999969482422,
    "AVGO": 322.6099853515625,
    "SMCI": 30.73509979248047,
    "VRT": 260.8399963378906,
    "PWR": 565.1900024414062,
    "GEV": 809.4099731445312,
    "IONQ": 33.02000045776367,
    "TSLA": 391.3399963378906,
    "AMD": 192.92999267578125,
    "ASML": 1346.3199462890625
}