{
    "MSFT": 517.9299926757812,
    "NVDA": 176.6699981689453,
    "ORCL": 308.6600036621094,
    "AVGO": 344.94000244140625,
    "SMCI": 45.810001373291016,
    "VRT": 143.60000610351562,
    "PWR": 388.5799865722656,
    "GEV": 624.1699829101562,
    "IONQ": 70.41000366210938,
    "TSLA": 426.07000732421875,
    "AMD": 157.38999938964844,
    "ASML": 932.1500244140625
}