{
    "MSFT": 404.7124938964844,
    "NVDA": 191.48500061035156,
    "ORCL": 156.625,
    "AVGO": 343.9059143066406,
    "SMCI": 31.864999771118164,
    "VRT": 245.2899932861328,
    "PWR": 523.1699829101562,
    "GEV": 822.47998046875,
    "IONQ": 33.85499954223633,
    "TSLA": 426.7099914550781,
    "AMD": 213.21420288085938,
    "ASML": 1440.31494140625
}