{
    "MSFT": 523.6099853515625,
    "NVDA": 186.25999450683594,
    "ORCL": 283.3299865722656,
    "AVGO": 354.1300048828125,
    "SMCI": 48.290000915527344,
    "VRT": 186.05999755859375,
    "PWR": 440.92999267578125,
    "GEV": 584.3900146484375,
    "IONQ": 60.29999923706055,
    "TSLA": 433.7200012207031,
    "AMD": 252.9199981689453,
    "ASML": 1033.0999755859375
}