{
    "MSFT": 514.14990234375,
    "NVDA": 187.875,
    "ORCL": 309.1199951171875,
    "AVGO": 355.5350036621094,
    "SMCI": 55.09349822998047,
    "VRT": 179.17999267578125,
    "PWR": 431.5,
    "GEV": 648.3599853515625,
    "IONQ": 83.3499984741211,
    "TSLA": 434.8800048828125,
    "AMD": 215.61000061035156,
    "ASML": 983.5800170898438
}