{
    "MSFT": 506.2449951171875,
    "NVDA": 181.44000244140625,
    "ORCL": 235.61500549316406,
    "AVGO": 300.07000732421875,
    "SMCI": 44.58000183105469,
    "VRT": 129.96499633789062,
    "PWR": 383.25750732421875,
    "GEV": 624.905029296875,
    "IONQ": 41.79669952392578,
    "TSLA": 350.20001220703125,
    "AMD": 166.55999755859375,
    "ASML": 767.3300170898438
}