{
    "MSFT": 475.0199890136719,
    "NVDA": 182.1199951171875,
    "ORCL": 200.64990234375,
    "AVGO": 375.55999755859375,
    "SMCI": 33.23749923706055,
    "VRT": 169.61500549316406,
    "PWR": 444.6274108886719,
    "GEV": 579.6400146484375,
    "IONQ": 45.34000015258789,
    "TSLA": 420.3786926269531,
    "AMD": 216.10000610351562,
    "ASML": 989.5250244140625
}