{
    "MSFT": 513.7000122070312,
    "NVDA": 181.92999267578125,
    "ORCL": 301.1654968261719,
    "AVGO": 347.75,
    "SMCI": 53.808998107910156,
    "VRT": 177.02999877929688,
    "PWR": 436.4100036621094,
    "GEV": 651.3944702148438,
    "IONQ": 80.47000122070312,
    "TSLA": 432.6400146484375,
    "AMD": 222.60000610351562,
    "ASML": 991.6199951171875
}