{
    "MSFT": 514.0999755859375,
    "NVDA": 180.27850341796875,
    "ORCL": 303.864990234375,
    "AVGO": 352.9599914550781,
    "SMCI": 54.369998931884766,
    "VRT": 181.19000244140625,
    "PWR": 441.2349853515625,
    "GEV": 622.7899780273438,
    "IONQ": 72.65499877929688,
    "TSLA": 434.5249938964844,
    "AMD": 237.50999450683594,
    "ASML": 1005.7449951171875
}