{
    "MSFT": 517.0654296875,
    "NVDA": 181.27000427246094,
    "ORCL": 275.5675048828125,
    "AVGO": 342.1700134277344,
    "SMCI": 54.56999969482422,
    "VRT": 175.78500366210938,
    "PWR": 436.7460021972656,
    "GEV": 589.25,
    "IONQ": 58.189998626708984,
    "TSLA": 445.8800048828125,
    "AMD": 239.27999877929688,
    "ASML": 1026.5
}