{
    "MSFT": 516.676025390625,
    "NVDA": 189.17999267578125,
    "ORCL": 289.260009765625,
    "AVGO": 339.510009765625,
    "SMCI": 52.379798889160156,
    "VRT": 160.91000366210938,
    "PWR": 418.8399963378906,
    "GEV": 607.02001953125,
    "IONQ": 68.79000091552734,
    "TSLA": 441.95001220703125,
    "AMD": 170.01499938964844,
    "ASML": 1030.6400146484375
}