{
    "MSFT": 507.07000732421875,
    "NVDA": 170.89500427246094,
    "ORCL": 222.98550415039062,
    "AVGO": 306.2699890136719,
    "SMCI": 40.255001068115234,
    "VRT": 124.9800033569336,
    "PWR": 375.1600036621094,
    "GEV": 596.0900268554688,
    "IONQ": 41.970001220703125,
    "TSLA": 337.10009765625,
    "AMD": 161.38999938964844,
    "ASML": 753.2999877929688
}