{
    "MSFT": 508.75,
    "NVDA": 193.65499877929688,
    "ORCL": 234.0399932861328,
    "AVGO": 354.8299865722656,
    "SMCI": 39.21500015258789,
    "VRT": 180.32009887695312,
    "PWR": 450.6400146484375,
    "GEV": 575.5349731445312,
    "IONQ": 55.3650016784668,
    "TSLA": 436.6300048828125,
    "AMD": 239.9499969482422,
    "ASML": 1027.5400390625
}