{
    "MSFT": 516.2750244140625,
    "NVDA": 208.0800018310547,
    "ORCL": 258.0299987792969,
    "AVGO": 363.3699951171875,
    "SMCI": 51.56999969482422,
    "VRT": 191.28500366210938,
    "PWR": 451.9800109863281,
    "GEV": 585.5,
    "IONQ": 58.84000015258789,
    "TSLA": 466.6099853515625,
    "AMD": 257.5450134277344,
    "ASML": 1069.4200439453125
}