{
    "MSFT": 404.9800109863281,
    "NVDA": 180.27999877929688,
    "ORCL": 149.8354034423828,
    "AVGO": 313.8999938964844,
    "SMCI": 31.0,
    "VRT": 245.07949829101562,
    "PWR": 566.7249755859375,
    "GEV": 847.405029296875,
    "IONQ": 37.409000396728516,
    "TSLA": 393.9599914550781,
    "AMD": 192.3249969482422,
    "ASML": 1372.4100341796875
}