{
    "MSFT": 513.3499755859375,
    "NVDA": 183.3300018310547,
    "ORCL": 326.4695129394531,
    "AVGO": 341.489990234375,
    "SMCI": 46.920101165771484,
    "VRT": 151.27999877929688,
    "PWR": 395.6600036621094,
    "GEV": 643.4992065429688,
    "IONQ": 72.57499694824219,
    "TSLA": 434.2900085449219,
    "AMD": 160.17999267578125,
    "ASML": 959.0645751953125
}