{
    "MSFT": 515.8099975585938,
    "NVDA": 182.7100067138672,
    "ORCL": 276.8949890136719,
    "AVGO": 348.2900085449219,
    "SMCI": 55.29999923706055,
    "VRT": 175.97000122070312,
    "PWR": 441.4800109863281,
    "GEV": 596.1849975585938,
    "IONQ": 58.98970031738281,
    "TSLA": 446.0015869140625,
    "AMD": 241.06820678710938,
    "ASML": 1043.5699462890625
}