{
    "MSFT": 496.82000732421875,
    "NVDA": 188.14999389648438,
    "ORCL": 239.25999450683594,
    "AVGO": 349.42999267578125,
    "SMCI": 39.7599983215332,
    "VRT": 179.8000030517578,
    "PWR": 445.010009765625,
    "GEV": 575.1300048828125,
    "IONQ": 59.27000045776367,
    "TSLA": 429.5199890136719,
    "AMD": 233.5399932861328,
    "ASML": 1016.9600219726562
}