{
    "MSFT": 456.1600036621094,
    "NVDA": 188.05499267578125,
    "ORCL": 190.94500732421875,
    "AVGO": 343.610107421875,
    "SMCI": 29.574600219726562,
    "VRT": 173.59500122070312,
    "PWR": 448.8475036621094,
    "GEV": 642.3400268554688,
    "IONQ": 49.540000915527344,
    "TSLA": 440.385986328125,
    "AMD": 233.5850067138672,
    "ASML": 1339.6600341796875
}