{
    "MSFT": 478.4949951171875,
    "NVDA": 185.86000061035156,
    "ORCL": 199.59500122070312,
    "AVGO": 345.9049987792969,
    "SMCI": 30.725000381469727,
    "VRT": 163.24000549316406,
    "PWR": 421.2300109863281,
    "GEV": 625.9400024414062,
    "IONQ": 50.63999938964844,
    "TSLA": 445.8599853515625,
    "AMD": 204.53500366210938,
    "ASML": 1275.8055419921875
}