{
    "MSFT": 499.92999267578125,
    "NVDA": 176.30999755859375,
    "ORCL": 326.010009765625,
    "AVGO": 365.5199890136719,
    "SMCI": 43.61000061035156,
    "VRT": 136.3249969482422,
    "PWR": 387.55499267578125,
    "GEV": 642.751220703125,
    "IONQ": 44.10499954223633,
    "TSLA": 348.3174133300781,
    "AMD": 158.30999755859375,
    "ASML": 792.3499755859375
}