{
    "MSFT": 481.6000061035156,
    "NVDA": 189.125,
    "ORCL": 174.2100067138672,
    "AVGO": 331.8900146484375,
    "SMCI": 30.94499969482422,
    "VRT": 188.8804931640625,
    "PWR": 482.0199890136719,
    "GEV": 694.8400268554688,
    "IONQ": 46.29999923706055,
    "TSLA": 430.9446105957031,
    "AMD": 251.5500030517578,
    "ASML": 1471.1800537109375
}