{
    "MSFT": 397.44000244140625,
    "NVDA": 186.3300018310547,
    "ORCL": 154.0800018310547,
    "AVGO": 334.25,
    "SMCI": 30.670000076293945,
    "VRT": 244.79800415039062,
    "PWR": 529.8699951171875,
    "GEV": 823.4299926757812,
    "IONQ": 34.029998779296875,
    "TSLA": 412.3406982421875,
    "AMD": 204.47039794921875,
    "ASML": 1424.89501953125
}