{
    "MSFT": 485.8399963378906,
    "NVDA": 180.96499633789062,
    "ORCL": 198.49000549316406,
    "AVGO": 407.2101135253906,
    "SMCI": 33.44499969482422,
    "VRT": 177.3350067138672,
    "PWR": 466.5899963378906,
    "GEV": 699.5850219726562,
    "IONQ": 51.959999084472656,
    "TSLA": 447.6000061035156,
    "AMD": 220.2729949951172,
    "ASML": 1121.5699462890625
}