{
    "MSFT": 492.010009765625,
    "NVDA": 177.0,
    "ORCL": 201.9499969482422,
    "AVGO": 402.9599914550781,
    "SMCI": 33.849998474121094,
    "VRT": 179.72999572753906,
    "PWR": 464.8800048828125,
    "GEV": 599.77001953125,
    "IONQ": 49.29999923706055,
    "TSLA": 430.1700134277344,
    "AMD": 217.52999877929688,
    "ASML": 1060.0
}