{
    "MSFT": 391.32000732421875,
    "NVDA": 180.58009338378906,
    "ORCL": 153.22999572753906,
    "AVGO": 316.8900146484375,
    "SMCI": 30.440000534057617,
    "VRT": 267.8500061035156,
    "PWR": 573.22998046875,
    "GEV": 858.9650268554688,
    "IONQ": 32.630001068115234,
    "TSLA": 392.98028564453125,
    "AMD": 199.66000366210938,
    "ASML": 1359.4100341796875
}