{
    "MSFT": 524.1099853515625,
    "NVDA": 173.72000122070312,
    "ORCL": 244.4199981689453,
    "AVGO": 288.6400146484375,
    "SMCI": 56.63999938964844,
    "VRT": 141.58999633789062,
    "PWR": 395.1700134277344,
    "GEV": 656.5,
    "IONQ": 38.119998931884766,
    "TSLA": 302.6300048828125,
    "AMD": 171.6999969482422,
    "ASML": 689.8200073242188
}