{
    "MSFT": 489.4949951171875,
    "NVDA": 180.90499877929688,
    "ORCL": 200.1999969482422,
    "AVGO": 381.885009765625,
    "SMCI": 33.21500015258789,
    "VRT": 181.72689819335938,
    "PWR": 454.1549987792969,
    "GEV": 605.9199829101562,
    "IONQ": 47.350101470947266,
    "TSLA": 425.91510009765625,
    "AMD": 214.98500061035156,
    "ASML": 1106.530029296875
}