{
    "MSFT": 417.8399963378906,
    "NVDA": 175.19500732421875,
    "ORCL": 147.0500030517578,
    "AVGO": 305.0899963378906,
    "SMCI": 33.160499572753906,
    "VRT": 181.57000732421875,
    "PWR": 463.3699951171875,
    "GEV": 731.239990234375,
    "IONQ": 34.43000030517578,
    "TSLA": 404.42999267578125,
    "AMD": 202.2010040283203,
    "ASML": 1337.39501953125
}