{
    "MSFT": 430.2900085449219,
    "NVDA": 191.1300048828125,
    "ORCL": 164.5800018310547,
    "AVGO": 331.29998779296875,
    "SMCI": 29.110000610351562,
    "VRT": 186.17999267578125,
    "PWR": 474.6300048828125,
    "GEV": 726.3699951171875,
    "IONQ": 39.97999954223633,
    "TSLA": 430.4100036621094,
    "AMD": 236.72999572753906,
    "ASML": 1423.0
}