{
    "MSFT": 485.5400085449219,
    "NVDA": 184.9600067138672,
    "ORCL": 225.02999877929688,
    "AVGO": 349.8599853515625,
    "SMCI": 33.30500030517578,
    "VRT": 169.59750366210938,
    "PWR": 445.1700134277344,
    "GEV": 592.1099853515625,
    "IONQ": 47.80929946899414,
    "TSLA": 401.6600036621094,
    "AMD": 221.39999389648438,
    "ASML": 1026.6500244140625
}