{
    "MSFT": 519.7000122070312,
    "NVDA": 179.4199981689453,
    "ORCL": 273.92498779296875,
    "AVGO": 339.739990234375,
    "SMCI": 52.005001068115234,
    "VRT": 171.30999755859375,
    "PWR": 412.21649169921875,
    "GEV": 578.0,
    "IONQ": 55.06999969482422,
    "TSLA": 437.5249938964844,
    "AMD": 228.60000610351562,
    "ASML": 1007.8099975585938
}