{
    "MSFT": 509.46661376953125,
    "NVDA": 180.66009521484375,
    "ORCL": 312.7650146484375,
    "AVGO": 350.4800109863281,
    "SMCI": 53.709999084472656,
    "VRT": 176.99000549316406,
    "PWR": 436.8999938964844,
    "GEV": 603.0750122070312,
    "IONQ": 66.58000183105469,
    "TSLA": 425.25,
    "AMD": 235.41600036621094,
    "ASML": 1013.692626953125
}