{
    "MSFT": 510.1499938964844,
    "NVDA": 189.53599548339844,
    "ORCL": 226.19000244140625,
    "AVGO": 343.44000244140625,
    "SMCI": 36.334999084472656,
    "VRT": 171.97000122070312,
    "PWR": 431.010009765625,
    "GEV": 582.1799926757812,
    "IONQ": 47.40999984741211,
    "TSLA": 408.17999267578125,
    "AMD": 248.8188018798828,
    "ASML": 1006.4550170898438
}