{
    "MSFT": 532.8699951171875,
    "NVDA": 190.39500427246094,
    "ORCL": 281.0791015625,
    "AVGO": 361.51220703125,
    "SMCI": 50.36000061035156,
    "VRT": 191.3699951171875,
    "PWR": 440.6499938964844,
    "GEV": 581.396484375,
    "IONQ": 62.720001220703125,
    "TSLA": 448.0249938964844,
    "AMD": 256.04010009765625,
    "ASML": 1055.2996826171875
}