{
    "MSFT": 487.0,
    "NVDA": 188.43499755859375,
    "ORCL": 194.61000061035156,
    "AVGO": 349.2099914550781,
    "SMCI": 30.700000762939453,
    "VRT": 167.3699951171875,
    "PWR": 436.0299987792969,
    "GEV": 660.9199829101562,
    "IONQ": 51.85499954223633,
    "TSLA": 483.74200439453125,
    "AMD": 214.69500732421875,
    "ASML": 1063.39013671875
}