{
    "MSFT": 513.3200073242188,
    "NVDA": 177.0749969482422,
    "ORCL": 298.25,
    "AVGO": 365.239990234375,
    "SMCI": 45.459999084472656,
    "VRT": 139.11000061035156,
    "PWR": 386.1025085449219,
    "GEV": 628.4450073242188,
    "IONQ": 59.720001220703125,
    "TSLA": 408.0,
    "AMD": 161.28140258789062,
    "ASML": 865.7899780273438
}