{
    "MSFT": 509.8599853515625,
    "NVDA": 180.5050048828125,
    "ORCL": 240.33999633789062,
    "AVGO": 309.8349914550781,
    "SMCI": 44.1349983215332,
    "VRT": 134.5,
    "PWR": 385.99749755859375,
    "GEV": 635.9299926757812,
    "IONQ": 43.45000076293945,
    "TSLA": 345.760009765625,
    "AMD": 168.74000549316406,
    "ASML": 764.2949829101562
}