{
    "MSFT": 402.9750061035156,
    "NVDA": 184.22999572753906,
    "ORCL": 160.9949951171875,
    "AVGO": 326.7799987792969,
    "SMCI": 30.7549991607666,
    "VRT": 236.2949981689453,
    "PWR": 525.4299926757812,
    "GEV": 807.0499877929688,
    "IONQ": 34.31050109863281,
    "TSLA": 421.2099914550781,
    "AMD": 207.6699981689453,
    "ASML": 1415.0
}