{
    "MSFT": 399.69000244140625,
    "NVDA": 184.50759887695312,
    "ORCL": 141.3350067138672,
    "AVGO": 332.3900146484375,
    "SMCI": 33.78499984741211,
    "VRT": 192.60499572753906,
    "PWR": 505.2650146484375,
    "GEV": 770.5900268554688,
    "IONQ": 35.94499969482422,
    "TSLA": 414.260009765625,
    "AMD": 206.55999755859375,
    "ASML": 1409.7850341796875
}