{
    "MSFT": 520.0499877929688,
    "NVDA": 193.03509521484375,
    "ORCL": 297.9100036621094,
    "AVGO": 344.45001220703125,
    "SMCI": 58.51279830932617,
    "VRT": 170.3350067138672,
    "PWR": 428.9200134277344,
    "GEV": 629.8900146484375,
    "IONQ": 76.74500274658203,
    "TSLA": 435.3674011230469,
    "AMD": 231.8531951904297,
    "ASML": 979.2000122070312
}