{
    "MSFT": 508.9800109863281,
    "NVDA": 175.97659301757812,
    "ORCL": 233.72000122070312,
    "AVGO": 292.614990234375,
    "SMCI": 43.6150016784668,
    "VRT": 128.3350067138672,
    "PWR": 378.1300048828125,
    "GEV": 599.0999755859375,
    "IONQ": 36.71500015258789,
    "TSLA": 328.4700012207031,
    "AMD": 166.57330322265625,
    "ASML": 743.3900146484375
}