{
    "MSFT": 485.3299865722656,
    "NVDA": 189.34500122070312,
    "ORCL": 193.61000061035156,
    "AVGO": 346.9367980957031,
    "SMCI": 29.94499969482422,
    "VRT": 173.8300018310547,
    "PWR": 441.375,
    "GEV": 674.989990234375,
    "IONQ": 50.2400016784668,
    "TSLA": 435.30999755859375,
    "AMD": 209.3350067138672,
    "ASML": 1230.77001953125
}