{
    "MSFT": 509.4800109863281,
    "NVDA": 176.77499389648438,
    "ORCL": 298.42498779296875,
    "AVGO": 345.6400146484375,
    "SMCI": 46.0099983215332,
    "VRT": 141.4199981689453,
    "PWR": 391.3550109863281,
    "GEV": 615.3101196289062,
    "IONQ": 66.61000061035156,
    "TSLA": 421.8500061035156,
    "AMD": 157.91000366210938,
    "ASML": 928.5050048828125
}