{
    "MSFT": 499.29998779296875,
    "NVDA": 188.96499633789062,
    "ORCL": 244.72999572753906,
    "AVGO": 358.82501220703125,
    "SMCI": 41.060001373291016,
    "VRT": 184.7725067138672,
    "PWR": 446.3299865722656,
    "GEV": 552.0,
    "IONQ": 57.52000045776367,
    "TSLA": 447.9198913574219,
    "AMD": 240.8636016845703,
    "ASML": 1039.4549560546875
}