{
    "MSFT": 508.42950439453125,
    "NVDA": 201.2550048828125,
    "ORCL": 251.57000732421875,
    "AVGO": 362.19000244140625,
    "SMCI": 42.809898376464844,
    "VRT": 192.5500030517578,
    "PWR": 457.69500732421875,
    "GEV": 563.0599975585938,
    "IONQ": 55.380001068115234,
    "TSLA": 462.3800048828125,
    "AMD": 258.6050109863281,
    "ASML": 1046.3800048828125
}