{
    "MSFT": 481.5799865722656,
    "NVDA": 181.46499633789062,
    "ORCL": 215.7449951171875,
    "AVGO": 389.17999267578125,
    "SMCI": 34.470001220703125,
    "VRT": 186.06500244140625,
    "PWR": 462.6243896484375,
    "GEV": 625.0499877929688,
    "IONQ": 52.13999938964844,
    "TSLA": 454.1400146484375,
    "AMD": 218.52999877929688,
    "ASML": 1105.3199462890625
}