{
    "MSFT": 517.8099975585938,
    "NVDA": 202.49000549316406,
    "ORCL": 262.6099853515625,
    "AVGO": 369.6300048828125,
    "SMCI": 51.959999084472656,
    "VRT": 192.86000061035156,
    "PWR": 449.1300048828125,
    "GEV": 585.1400146484375,
    "IONQ": 62.380001068115234,
    "TSLA": 456.55999755859375,
    "AMD": 256.1199951171875,
    "ASML": 1059.22998046875
}