{
    "MSFT": 508.5299987792969,
    "NVDA": 178.47000122070312,
    "ORCL": 313.03009033203125,
    "AVGO": 338.260009765625,
    "SMCI": 46.667598724365234,
    "VRT": 142.4149932861328,
    "PWR": 388.5199890136719,
    "GEV": 630.5800170898438,
    "IONQ": 74.9800033569336,
    "TSLA": 428.6600036621094,
    "AMD": 160.47000122070312,
    "ASML": 959.5449829101562
}