{
    "MSFT": 486.110107421875,
    "NVDA": 187.3249969482422,
    "ORCL": 195.15499877929688,
    "AVGO": 349.6099853515625,
    "SMCI": 30.434999465942383,
    "VRT": 165.65499877929688,
    "PWR": 430.8500061035156,
    "GEV": 663.5198974609375,
    "IONQ": 44.996700286865234,
    "TSLA": 463.2648010253906,
    "AMD": 215.1999969482422,
    "ASML": 1065.921142578125
}