{
    "MSFT": 479.2799987792969,
    "NVDA": 184.86000061035156,
    "ORCL": 198.52000427246094,
    "AVGO": 344.9700012207031,
    "SMCI": 30.15999984741211,
    "VRT": 163.5800018310547,
    "PWR": 422.57000732421875,
    "GEV": 622.5,
    "IONQ": 49.45000076293945,
    "TSLA": 445.010009765625,
    "AMD": 203.1699981689453,
    "ASML": 1273.8800048828125
}