{
    "MSFT": 393.5199890136719,
    "NVDA": 178.71499633789062,
    "ORCL": 142.65499877929688,
    "AVGO": 317.1300048828125,
    "SMCI": 32.439998626708984,
    "VRT": 248.97999572753906,
    "PWR": 555.4400024414062,
    "GEV": 861.1900024414062,
    "IONQ": 37.20500183105469,
    "TSLA": 399.614990234375,
    "AMD": 198.22999572753906,
    "ASML": 1448.7498779296875
}