{
    "MSFT": 388.3999938964844,
    "NVDA": 178.25,
    "ORCL": 155.45509338378906,
    "AVGO": 319.5299987792969,
    "SMCI": 30.725000381469727,
    "VRT": 269.04998779296875,
    "PWR": 577.405029296875,
    "GEV": 875.25,
    "IONQ": 31.95359992980957,
    "TSLA": 382.260009765625,
    "AMD": 205.82000732421875,
    "ASML": 1366.7349853515625
}