{
    "MSFT": 490.8349914550781,
    "NVDA": 184.6750030517578,
    "ORCL": 221.15499877929688,
    "AVGO": 402.8800048828125,
    "SMCI": 34.88999938964844,
    "VRT": 178.7949981689453,
    "PWR": 461.0299987792969,
    "GEV": 633.35498046875,
    "IONQ": 53.470001220703125,
    "TSLA": 449.19000244140625,
    "AMD": 221.23500061035156,
    "ASML": 1114.4300537109375
}