{
    "MSFT": 499.3902893066406,
    "NVDA": 181.8350067138672,
    "ORCL": 234.7100067138672,
    "AVGO": 298.2799987792969,
    "SMCI": 44.119998931884766,
    "VRT": 128.8300018310547,
    "PWR": 382.260009765625,
    "GEV": 622.2899780273438,
    "IONQ": 40.439998626708984,
    "TSLA": 348.80029296875,
    "AMD": 166.1750030517578,
    "ASML": 759.1300048828125
}