{
    "MSFT": 409.19000244140625,
    "NVDA": 180.25999450683594,
    "ORCL": 152.9550018310547,
    "AVGO": 325.8699951171875,
    "SMCI": 31.68000030517578,
    "VRT": 243.8000030517578,
    "PWR": 543.0750122070312,
    "GEV": 805.8099975585938,
    "IONQ": 35.22999954223633,
    "TSLA": 400.29998779296875,
    "AMD": 195.85499572753906,
    "ASML": 1348.739990234375
}