{
    "MSFT": 507.2300109863281,
    "NVDA": 177.99000549316406,
    "ORCL": 236.3699951171875,
    "AVGO": 294.0,
    "SMCI": 43.880001068115234,
    "VRT": 125.97000122070312,
    "PWR": 379.8399963378906,
    "GEV": 607.0700073242188,
    "IONQ": 39.779998779296875,
    "TSLA": 340.010009765625,
    "AMD": 167.75999450683594,
    "ASML": 754.8900146484375
}