{
    "MSFT": 525.4349975585938,
    "NVDA": 179.59500122070312,
    "ORCL": 255.3699951171875,
    "AVGO": 302.3999938964844,
    "SMCI": 46.41790008544922,
    "VRT": 140.0749969482422,
    "PWR": 388.5,
    "GEV": 665.0499877929688,
    "IONQ": 41.180198669433594,
    "TSLA": 319.77801513671875,
    "AMD": 163.05999755859375,
    "ASML": 691.8250122070312
}