{
    "MSFT": 423.7300109863281,
    "NVDA": 190.22000122070312,
    "ORCL": 164.94000244140625,
    "AVGO": 328.8670959472656,
    "SMCI": 29.834999084472656,
    "VRT": 194.35000610351562,
    "PWR": 484.8299865722656,
    "GEV": 705.6699829101562,
    "IONQ": 42.94499969482422,
    "TSLA": 418.7558898925781,
    "AMD": 248.54469299316406,
    "ASML": 1447.7099609375
}