{
    "MSFT": 397.6400146484375,
    "NVDA": 173.16990661621094,
    "ORCL": 137.75999450683594,
    "AVGO": 313.9599914550781,
    "SMCI": 31.204999923706055,
    "VRT": 178.2899932861328,
    "PWR": 476.9599914550781,
    "GEV": 736.4921264648438,
    "IONQ": 31.190000534057617,
    "TSLA": 396.4200134277344,
    "AMD": 191.52999877929688,
    "ASML": 1348.7650146484375
}