{
    "MSFT": 513.5800170898438,
    "NVDA": 183.22000122070312,
    "ORCL": 291.30999755859375,
    "AVGO": 349.3299865722656,
    "SMCI": 52.18000030517578,
    "VRT": 174.0,
    "PWR": 433.8500061035156,
    "GEV": 600.0,
    "IONQ": 62.939998626708984,
    "TSLA": 439.30999755859375,
    "AMD": 233.0800018310547,
    "ASML": 1029.27001953125
}