{
    "MSFT": 522.8400268554688,
    "NVDA": 182.81500244140625,
    "ORCL": 281.3800964355469,
    "AVGO": 345.4700012207031,
    "SMCI": 47.709800720214844,
    "VRT": 183.52999877929688,
    "PWR": 429.57501220703125,
    "GEV": 598.260009765625,
    "IONQ": 59.84000015258789,
    "TSLA": 445.2099914550781,
    "AMD": 234.5,
    "ASML": 1040.0
}