{
    "MSFT": 518.7999877929688,
    "NVDA": 187.28509521484375,
    "ORCL": 288.7488098144531,
    "AVGO": 332.4599914550781,
    "SMCI": 51.150001525878906,
    "VRT": 161.2949981689453,
    "PWR": 420.6400146484375,
    "GEV": 606.010009765625,
    "IONQ": 62.64030075073242,
    "TSLA": 460.239990234375,
    "AMD": 162.06869506835938,
    "ASML": 1000.875
}