{
    "MSFT": 476.364990234375,
    "NVDA": 174.69500732421875,
    "ORCL": 193.8470001220703,
    "AVGO": 383.3810119628906,
    "SMCI": 32.2599983215332,
    "VRT": 167.47000122070312,
    "PWR": 441.7099914550781,
    "GEV": 570.25,
    "IONQ": 46.099998474121094,
    "TSLA": 416.3500061035156,
    "AMD": 199.52000427246094,
    "ASML": 997.9199829101562
}