{
    "MSFT": 493.4200134277344,
    "NVDA": 166.8520050048828,
    "ORCL": 233.7899932861328,
    "AVGO": 335.3599853515625,
    "SMCI": 40.209999084472656,
    "VRT": 124.43000030517578,
    "PWR": 373.4949951171875,
    "GEV": 585.6514892578125,
    "IONQ": 42.2400016784668,
    "TSLA": 349.80999755859375,
    "AMD": 153.1300048828125,
    "ASML": 782.2943115234375
}