{
    "MSFT": 524.8200073242188,
    "NVDA": 187.13499450683594,
    "ORCL": 284.6099853515625,
    "AVGO": 355.9700012207031,
    "SMCI": 48.72999954223633,
    "VRT": 186.0,
    "PWR": 442.2149963378906,
    "GEV": 589.2799072265625,
    "IONQ": 60.410099029541016,
    "TSLA": 432.8699951171875,
    "AMD": 251.4398956298828,
    "ASML": 1036.68994140625
}