{
    "MSFT": 519.23681640625,
    "NVDA": 179.43499755859375,
    "ORCL": 249.0800018310547,
    "AVGO": 301.18499755859375,
    "SMCI": 46.981201171875,
    "VRT": 139.08999633789062,
    "PWR": 386.07000732421875,
    "GEV": 646.6452026367188,
    "IONQ": 40.06999969482422,
    "TSLA": 318.82501220703125,
    "AMD": 171.37010192871094,
    "ASML": 710.5399780273438
}