{
    "MSFT": 476.75,
    "NVDA": 183.5500030517578,
    "ORCL": 201.22000122070312,
    "AVGO": 346.92999267578125,
    "SMCI": 32.472999572753906,
    "VRT": 160.6199951171875,
    "PWR": 428.9100036621094,
    "GEV": 560.489990234375,
    "IONQ": 41.29499816894531,
    "TSLA": 401.4599914550781,
    "AMD": 207.16000366210938,
    "ASML": 977.3800048828125
}