{
    "MSFT": 472.1199951171875,
    "NVDA": 178.8800048828125,
    "ORCL": 198.75999450683594,
    "AVGO": 340.20001220703125,
    "SMCI": 32.189998626708984,
    "VRT": 159.8300018310547,
    "PWR": 430.1499938964844,
    "GEV": 555.8400268554688,
    "IONQ": 41.709999084472656,
    "TSLA": 391.0899963378906,
    "AMD": 203.77999877929688,
    "ASML": 966.5700073242188
}