{
    "MSFT": 481.7690124511719,
    "NVDA": 180.86000061035156,
    "ORCL": 206.92999267578125,
    "AVGO": 378.7200012207031,
    "SMCI": 33.2400016784668,
    "VRT": 179.29159545898438,
    "PWR": 456.7879943847656,
    "GEV": 605.1199951171875,
    "IONQ": 46.79999923706055,
    "TSLA": 447.2799987792969,
    "AMD": 216.14999389648438,
    "ASML": 1137.449951171875
}