{
    "MSFT": 430.6199951171875,
    "NVDA": 191.22999572753906,
    "ORCL": 164.9250030517578,
    "AVGO": 331.1499938964844,
    "SMCI": 29.485000610351562,
    "VRT": 188.7449951171875,
    "PWR": 481.697509765625,
    "GEV": 727.3400268554688,
    "IONQ": 39.72999954223633,
    "TSLA": 433.8315124511719,
    "AMD": 239.3000030517578,
    "ASML": 1436.385009765625
}