{
    "MSFT": 495.57598876953125,
    "NVDA": 184.92999267578125,
    "ORCL": 235.53500366210938,
    "AVGO": 341.760009765625,
    "SMCI": 38.93000030517578,
    "VRT": 177.78500366210938,
    "PWR": 442.5199890136719,
    "GEV": 568.5999755859375,
    "IONQ": 54.900001525878906,
    "TSLA": 431.8349914550781,
    "AMD": 228.8654022216797,
    "ASML": 1008.0974731445312
}