{
    "MSFT": 409.5199890136719,
    "NVDA": 183.94500732421875,
    "ORCL": 153.06500244140625,
    "AVGO": 320.9100036621094,
    "SMCI": 32.51499938964844,
    "VRT": 251.30499267578125,
    "PWR": 568.4299926757812,
    "GEV": 846.4400024414062,
    "IONQ": 37.06999969482422,
    "TSLA": 405.44000244140625,
    "AMD": 202.13999938964844,
    "ASML": 1402.9803466796875
}