{
    "MSFT": 395.54998779296875,
    "NVDA": 180.25,
    "ORCL": 155.11000061035156,
    "AVGO": 322.1600036621094,
    "SMCI": 30.75,
    "VRT": 258.8800048828125,
    "PWR": 559.02001953125,
    "GEV": 805.02001953125,
    "IONQ": 32.97999954223633,
    "TSLA": 391.20001220703125,
    "AMD": 193.38999938964844,
    "ASML": 1345.68994140625
}