{
    "MSFT": 478.7557067871094,
    "NVDA": 176.13999938964844,
    "ORCL": 189.39999389648438,
    "AVGO": 358.99578857421875,
    "SMCI": 32.83580017089844,
    "VRT": 162.07000732421875,
    "PWR": 440.125,
    "GEV": 676.3699951171875,
    "IONQ": 51.619998931884766,
    "TSLA": 451.0,
    "AMD": 210.8488006591797,
    "ASML": 1082.0350341796875
}