{
    "MSFT": 514.0700073242188,
    "NVDA": 187.16000366210938,
    "ORCL": 295.9700012207031,
    "AVGO": 328.19000244140625,
    "SMCI": 53.47999954223633,
    "VRT": 173.0749969482422,
    "PWR": 424.9700012207031,
    "GEV": 613.3900146484375,
    "IONQ": 71.76000213623047,
    "TSLA": 416.04998779296875,
    "AMD": 217.90499877929688,
    "ASML": 944.2899780273438
}