{
    "MSFT": 507.1300048828125,
    "NVDA": 177.875,
    "ORCL": 236.58999633789062,
    "AVGO": 294.989990234375,
    "SMCI": 44.03499984741211,
    "VRT": 126.36499786376953,
    "PWR": 379.69000244140625,
    "GEV": 608.0449829101562,
    "IONQ": 39.619998931884766,
    "TSLA": 338.42999267578125,
    "AMD": 167.32000732421875,
    "ASML": 754.7000122070312
}