{
    "MSFT": 469.510009765625,
    "NVDA": 187.85499572753906,
    "ORCL": 176.97999572753906,
    "AVGO": 319.8550109863281,
    "SMCI": 31.764999389648438,
    "VRT": 182.0800018310547,
    "PWR": 470.0150146484375,
    "GEV": 656.2468872070312,
    "IONQ": 48.02000045776367,
    "TSLA": 447.2401123046875,
    "AMD": 257.5780029296875,
    "ASML": 1387.0
}