{
    "MSFT": 528.9349975585938,
    "NVDA": 178.59500122070312,
    "ORCL": 255.5655059814453,
    "AVGO": 295.07000732421875,
    "SMCI": 57.810001373291016,
    "VRT": 138.86000061035156,
    "PWR": 388.45001220703125,
    "GEV": 653.2449951171875,
    "IONQ": 42.040000915527344,
    "TSLA": 309.7394104003906,
    "AMD": 175.1999969482422,
    "ASML": 690.0850219726562
}