{
    "MSFT": 507.25,
    "NVDA": 177.08999633789062,
    "ORCL": 292.3599853515625,
    "AVGO": 335.2749938964844,
    "SMCI": 46.65999984741211,
    "VRT": 139.44500732421875,
    "PWR": 399.57000732421875,
    "GEV": 610.1099853515625,
    "IONQ": 70.125,
    "TSLA": 424.8299865722656,
    "AMD": 160.97000122070312,
    "ASML": 947.719970703125
}