{
    "MSFT": 498.5899963378906,
    "NVDA": 169.7342071533203,
    "ORCL": 240.77760314941406,
    "AVGO": 336.8800048828125,
    "SMCI": 42.6150016784668,
    "VRT": 125.34500122070312,
    "PWR": 372.6300048828125,
    "GEV": 604.4600219726562,
    "IONQ": 43.9541015625,
    "TSLA": 346.5400085449219,
    "AMD": 155.21499633789062,
    "ASML": 803.4600219726562
}