{
    "MSFT": 486.7587890625,
    "NVDA": 180.4199981689453,
    "ORCL": 205.3000030517578,
    "AVGO": 397.43499755859375,
    "SMCI": 33.0099983215332,
    "VRT": 173.8509063720703,
    "PWR": 459.864990234375,
    "GEV": 594.75,
    "IONQ": 47.220001220703125,
    "TSLA": 425.4800109863281,
    "AMD": 214.66000366210938,
    "ASML": 1045.780029296875
}