{
    "MSFT": 401.9800109863281,
    "NVDA": 185.65499877929688,
    "ORCL": 149.57000732421875,
    "AVGO": 317.2200012207031,
    "SMCI": 31.985000610351562,
    "VRT": 255.52999877929688,
    "PWR": 562.885009765625,
    "GEV": 870.6900024414062,
    "IONQ": 41.779998779296875,
    "TSLA": 408.8999938964844,
    "AMD": 203.85000610351562,
    "ASML": 1460.2900390625
}