{
    "MSFT": 488.0199890136719,
    "NVDA": 188.61000061035156,
    "ORCL": 197.49000549316406,
    "AVGO": 350.2200012207031,
    "SMCI": 30.549999237060547,
    "VRT": 166.8699951171875,
    "PWR": 433.5799865722656,
    "GEV": 667.3200073242188,
    "IONQ": 49.81999969482422,
    "TSLA": 485.3999938964844,
    "AMD": 215.0399932861328,
    "ASML": 1065.52001953125
}