{
    "MSFT": 474.80059814453125,
    "NVDA": 176.5749969482422,
    "ORCL": 188.86000061035156,
    "AVGO": 340.9599914550781,
    "SMCI": 31.325000762939453,
    "VRT": 157.52499389648438,
    "PWR": 433.48748779296875,
    "GEV": 684.02001953125,
    "IONQ": 48.880001068115234,
    "TSLA": 479.6724853515625,
    "AMD": 208.11990356445312,
    "ASML": 1069.958740234375
}