{
    "MSFT": 521.8300170898438,
    "NVDA": 181.72500610351562,
    "ORCL": 243.82000732421875,
    "AVGO": 307.9100036621094,
    "SMCI": 46.27000045776367,
    "VRT": 136.14500427246094,
    "PWR": 377.7099914550781,
    "GEV": 634.388427734375,
    "IONQ": 41.61000061035156,
    "TSLA": 341.0299987792969,
    "AMD": 183.9199981689453,
    "ASML": 754.9600219726562
}