{
    "MSFT": 524.1400146484375,
    "NVDA": 188.58999633789062,
    "ORCL": 291.1099853515625,
    "AVGO": 343.6434020996094,
    "SMCI": 58.22760009765625,
    "VRT": 166.4239959716797,
    "PWR": 441.7449951171875,
    "GEV": 621.780029296875,
    "IONQ": 73.3687973022461,
    "TSLA": 437.3299865722656,
    "AMD": 232.7342987060547,
    "ASML": 988.280029296875
}