{
    "MSFT": 451.7289123535156,
    "NVDA": 184.65699768066406,
    "ORCL": 178.32000732421875,
    "AVGO": 327.05499267578125,
    "SMCI": 32.45500183105469,
    "VRT": 181.22000122070312,
    "PWR": 468.489990234375,
    "GEV": 663.8853759765625,
    "IONQ": 48.959999084472656,
    "TSLA": 448.8800048828125,
    "AMD": 254.49000549316406,
    "ASML": 1383.93994140625
}