{
    "MSFT": 387.989990234375,
    "NVDA": 192.89500427246094,
    "ORCL": 146.42999267578125,
    "AVGO": 324.95001220703125,
    "SMCI": 31.099899291992188,
    "VRT": 251.52999877929688,
    "PWR": 568.3049926757812,
    "GEV": 877.02001953125,
    "IONQ": 31.299999237060547,
    "TSLA": 409.1099853515625,
    "AMD": 213.99989318847656,
    "ASML": 1497.6650390625
}