{
    "MSFT": 397.2300109863281,
    "NVDA": 189.82000732421875,
    "ORCL": 148.0800018310547,
    "AVGO": 332.6499938964844,
    "SMCI": 32.41999816894531,
    "VRT": 243.75,
    "PWR": 552.6599731445312,
    "GEV": 830.3400268554688,
    "IONQ": 31.899999618530273,
    "TSLA": 411.82000732421875,
    "AMD": 200.14999389648438,
    "ASML": 1469.5899658203125
}