{
    "MSFT": 472.94000244140625,
    "NVDA": 188.85000610351562,
    "ORCL": 195.7100067138672,
    "AVGO": 347.6199951171875,
    "SMCI": 30.959999084472656,
    "VRT": 175.61000061035156,
    "PWR": 439.67999267578125,
    "GEV": 679.5499877929688,
    "IONQ": 46.77000045776367,
    "TSLA": 438.07000732421875,
    "AMD": 223.47000122070312,
    "ASML": 1163.780029296875
}