{
    "MSFT": 459.8599853515625,
    "NVDA": 186.22999572753906,
    "ORCL": 191.08999633789062,
    "AVGO": 351.7099914550781,
    "SMCI": 32.63999938964844,
    "VRT": 176.92999267578125,
    "PWR": 466.75,
    "GEV": 681.5499877929688,
    "IONQ": 50.79999923706055,
    "TSLA": 437.5,
    "AMD": 231.8300018310547,
    "ASML": 1358.5699462890625
}