{
    "MSFT": 523.1799926757812,
    "NVDA": 179.9700927734375,
    "ORCL": 248.7899932861328,
    "AVGO": 305.44989013671875,
    "SMCI": 45.310001373291016,
    "VRT": 132.63999938964844,
    "PWR": 381.92999267578125,
    "GEV": 621.1199951171875,
    "IONQ": 40.24980163574219,
    "TSLA": 328.74859619140625,
    "AMD": 177.4676055908203,
    "ASML": 743.6500244140625
}