{
    "MSFT": 529.27001953125,
    "NVDA": 182.8699951171875,
    "ORCL": 255.25999450683594,
    "AVGO": 312.0,
    "SMCI": 46.52000045776367,
    "VRT": 143.5,
    "PWR": 390.3299865722656,
    "GEV": 656.6099853515625,
    "IONQ": 42.95000076293945,
    "TSLA": 341.0,
    "AMD": 174.0800018310547,
    "ASML": 741.9500122070312
}