{
    "MSFT": 507.0249938964844,
    "NVDA": 185.25,
    "ORCL": 216.56509399414062,
    "AVGO": 342.239990234375,
    "SMCI": 34.06999969482422,
    "VRT": 166.8699951171875,
    "PWR": 426.9800109863281,
    "GEV": 574.8699951171875,
    "IONQ": 47.22999954223633,
    "TSLA": 408.4700012207031,
    "AMD": 239.28199768066406,
    "ASML": 1018.0479736328125
}