{
    "MSFT": 476.45001220703125,
    "NVDA": 188.1750030517578,
    "ORCL": 194.3415985107422,
    "AVGO": 348.6000061035156,
    "SMCI": 29.690099716186523,
    "VRT": 174.3350067138672,
    "PWR": 439.1488037109375,
    "GEV": 683.280029296875,
    "IONQ": 48.88999938964844,
    "TSLA": 433.6199951171875,
    "AMD": 213.4499969482422,
    "ASML": 1238.2950439453125
}