{
    "MSFT": 535.3049926757812,
    "NVDA": 179.2947998046875,
    "ORCL": 252.25999450683594,
    "AVGO": 296.0899963378906,
    "SMCI": 58.53139877319336,
    "VRT": 140.09500122070312,
    "PWR": 392.67498779296875,
    "GEV": 661.3270263671875,
    "IONQ": 39.834999084472656,
    "TSLA": 309.6875,
    "AMD": 177.0,
    "ASML": 698.64990234375
}