{
    "MSFT": 443.2799987792969,
    "NVDA": 183.39999389648438,
    "ORCL": 173.88999938964844,
    "AVGO": 329.7850036621094,
    "SMCI": 32.029998779296875,
    "VRT": 181.10000610351562,
    "PWR": 474.114990234375,
    "GEV": 669.3250122070312,
    "IONQ": 47.880001068115234,
    "TSLA": 434.8599853515625,
    "AMD": 248.16000366210938,
    "ASML": 1356.93505859375
}