{
    "MSFT": 517.3499755859375,
    "NVDA": 187.6199951171875,
    "ORCL": 286.1400146484375,
    "AVGO": 338.3699951171875,
    "SMCI": 51.959999084472656,
    "VRT": 160.1999969482422,
    "PWR": 421.1700134277344,
    "GEV": 594.989990234375,
    "IONQ": 73.27999877929688,
    "TSLA": 429.8299865722656,
    "AMD": 164.6699981689453,
    "ASML": 1032.219970703125
}