{
    "MSFT": 485.45361328125,
    "NVDA": 174.61000061035156,
    "ORCL": 179.44430541992188,
    "AVGO": 328.79998779296875,
    "SMCI": 29.68000030517578,
    "VRT": 154.8000030517578,
    "PWR": 421.239990234375,
    "GEV": 642.2550048828125,
    "IONQ": 46.81999969482422,
    "TSLA": 486.6099853515625,
    "AMD": 202.26010131835938,
    "ASML": 1039.6700439453125
}