{
    "MSFT": 479.0899963378906,
    "NVDA": 186.99000549316406,
    "ORCL": 205.4499969482422,
    "AVGO": 352.9200134277344,
    "SMCI": 30.170000076293945,
    "VRT": 170.27999877929688,
    "PWR": 434.07501220703125,
    "GEV": 640.642822265625,
    "IONQ": 50.3849983215332,
    "TSLA": 451.5599060058594,
    "AMD": 208.77000427246094,
    "ASML": 1276.8699951171875
}