{
    "MSFT": 504.989990234375,
    "NVDA": 181.25999450683594,
    "ORCL": 236.7635040283203,
    "AVGO": 296.7799987792969,
    "SMCI": 44.415000915527344,
    "VRT": 125.55500030517578,
    "PWR": 380.1199951171875,
    "GEV": 605.5499877929688,
    "IONQ": 38.744998931884766,
    "TSLA": 349.29998779296875,
    "AMD": 164.02000427246094,
    "ASML": 754.989990234375
}