{
    "MSFT": 478.875,
    "NVDA": 170.9499969482422,
    "ORCL": 179.0800018310547,
    "AVGO": 323.7587890625,
    "SMCI": 30.059999465942383,
    "VRT": 149.4499969482422,
    "PWR": 414.6400146484375,
    "GEV": 624.8049926757812,
    "IONQ": 46.709999084472656,
    "TSLA": 467.8931884765625,
    "AMD": 198.7899932861328,
    "ASML": 1017.9849853515625
}