{
    "MSFT": 488.5199890136719,
    "NVDA": 188.08999633789062,
    "ORCL": 197.8300018310547,
    "AVGO": 351.7149963378906,
    "SMCI": 30.0049991607666,
    "VRT": 164.8800048828125,
    "PWR": 430.4750061035156,
    "GEV": 665.0850219726562,
    "IONQ": 45.93009948730469,
    "TSLA": 459.3396911621094,
    "AMD": 215.0072021484375,
    "ASML": 1077.5699462890625
}