{
    "MSFT": 539.1099853515625,
    "NVDA": 206.38999938964844,
    "ORCL": 274.6099853515625,
    "AVGO": 381.5,
    "SMCI": 52.64950180053711,
    "VRT": 198.50999450683594,
    "PWR": 452.8699951171875,
    "GEV": 578.7949829101562,
    "IONQ": 61.11000061035156,
    "TSLA": 460.7699890136719,
    "AMD": 263.8999938964844,
    "ASML": 1072.0594482421875
}