{
    "MSFT": 514.3400268554688,
    "NVDA": 180.97000122070312,
    "ORCL": 281.80999755859375,
    "AVGO": 328.3999938964844,
    "SMCI": 46.45000076293945,
    "VRT": 143.69000244140625,
    "PWR": 409.57000732421875,
    "GEV": 598.9733276367188,
    "IONQ": 63.529998779296875,
    "TSLA": 441.05999755859375,
    "AMD": 161.47999572753906,
    "ASML": 964.8099975585938
}