{
    "MSFT": 500.5249938964844,
    "NVDA": 177.1649932861328,
    "ORCL": 308.1117858886719,
    "AVGO": 359.9200134277344,
    "SMCI": 44.2599983215332,
    "VRT": 134.8800048828125,
    "PWR": 390.0299987792969,
    "GEV": 632.9299926757812,
    "IONQ": 46.95000076293945,
    "TSLA": 366.8454895019531,
    "AMD": 156.13999938964844,
    "ASML": 806.9500122070312
}