{
    "MSFT": 490.4800109863281,
    "NVDA": 184.50180053710938,
    "ORCL": 217.89999389648438,
    "AVGO": 399.19000244140625,
    "SMCI": 35.119998931884766,
    "VRT": 185.1580047607422,
    "PWR": 464.0,
    "GEV": 616.6400146484375,
    "IONQ": 53.119998931884766,
    "TSLA": 436.2250061035156,
    "AMD": 220.1790008544922,
    "ASML": 1118.4599609375
}