{
    "MSFT": 522.6300048828125,
    "NVDA": 182.6750030517578,
    "ORCL": 250.1999969482422,
    "AVGO": 304.7049865722656,
    "SMCI": 44.84000015258789,
    "VRT": 140.13499450683594,
    "PWR": 385.94000244140625,
    "GEV": 647.219970703125,
    "IONQ": 42.05500030517578,
    "TSLA": 328.8399963378906,
    "AMD": 172.27000427246094,
    "ASML": 722.510009765625
}