{
    "MSFT": 504.55999755859375,
    "NVDA": 197.57449340820312,
    "ORCL": 237.94000244140625,
    "AVGO": 357.94500732421875,
    "SMCI": 40.51179885864258,
    "VRT": 188.30499267578125,
    "PWR": 448.9150085449219,
    "GEV": 584.2550048828125,
    "IONQ": 55.65449905395508,
    "TSLA": 445.8800048828125,
    "AMD": 245.38499450683594,
    "ASML": 1035.074951171875
}