{
    "MSFT": 517.655029296875,
    "NVDA": 204.16009521484375,
    "ORCL": 261.3999938964844,
    "AVGO": 371.1199951171875,
    "SMCI": 51.724998474121094,
    "VRT": 192.02999877929688,
    "PWR": 455.989990234375,
    "GEV": 585.8300170898438,
    "IONQ": 62.55500030517578,
    "TSLA": 453.335205078125,
    "AMD": 257.1300048828125,
    "ASML": 1061.0999755859375
}