{
    "MSFT": 522.0399780273438,
    "NVDA": 182.6999969482422,
    "ORCL": 250.0500030517578,
    "AVGO": 304.9700012207031,
    "SMCI": 44.599998474121094,
    "VRT": 139.92999267578125,
    "PWR": 386.1499938964844,
    "GEV": 649.0900268554688,
    "IONQ": 41.849998474121094,
    "TSLA": 329.6499938964844,
    "AMD": 172.75999450683594,
    "ASML": 722.3200073242188
}