{
    "MSFT": 511.4599914550781,
    "NVDA": 178.19000244140625,
    "ORCL": 283.4599914550781,
    "AVGO": 334.5299987792969,
    "SMCI": 45.81999969482422,
    "VRT": 138.6199951171875,
    "PWR": 405.44000244140625,
    "GEV": 605.1699829101562,
    "IONQ": 67.27999877929688,
    "TSLA": 440.3999938964844,
    "AMD": 159.4600067138672,
    "ASML": 951.52001953125
}