{
    "MSFT": 529.4600219726562,
    "NVDA": 185.6750030517578,
    "ORCL": 292.5799865722656,
    "AVGO": 336.885986328125,
    "SMCI": 54.7400016784668,
    "VRT": 164.08999633789062,
    "PWR": 427.9849853515625,
    "GEV": 602.344970703125,
    "IONQ": 78.06999969482422,
    "TSLA": 452.75,
    "AMD": 205.15420532226562,
    "ASML": 1046.85498046875
}