{
    "MSFT": 483.6199951171875,
    "NVDA": 186.5,
    "ORCL": 194.91000366210938,
    "AVGO": 346.1000061035156,
    "SMCI": 29.270000457763672,
    "VRT": 162.00999450683594,
    "PWR": 422.05999755859375,
    "GEV": 653.5700073242188,
    "IONQ": 44.869998931884766,
    "TSLA": 449.7200012207031,
    "AMD": 214.16000366210938,
    "ASML": 1069.8599853515625
}