{
    "MSFT": 392.739990234375,
    "NVDA": 177.19000244140625,
    "ORCL": 145.39999389648438,
    "AVGO": 319.54998779296875,
    "SMCI": 32.38999938964844,
    "VRT": 254.88999938964844,
    "PWR": 563.0800170898438,
    "GEV": 873.5999755859375,
    "IONQ": 38.369998931884766,
    "TSLA": 402.510009765625,
    "AMD": 200.2100067138672,
    "ASML": 1450.56005859375
}