{
    "MSFT": 401.32000732421875,
    "NVDA": 182.80999755859375,
    "ORCL": 160.13999938964844,
    "AVGO": 325.1700134277344,
    "SMCI": 30.540000915527344,
    "VRT": 234.52999877929688,
    "PWR": 524.0800170898438,
    "GEV": 802.1300048828125,
    "IONQ": 34.11000061035156,
    "TSLA": 417.44000244140625,
    "AMD": 207.32000732421875,
    "ASML": 1406.6099853515625
}