{
    "MSFT": 474.8999938964844,
    "NVDA": 186.75010681152344,
    "ORCL": 192.96800231933594,
    "AVGO": 341.05999755859375,
    "SMCI": 30.375,
    "VRT": 173.7100067138672,
    "PWR": 437.3900146484375,
    "GEV": 679.35009765625,
    "IONQ": 49.439998626708984,
    "TSLA": 456.1099853515625,
    "AMD": 221.38499450683594,
    "ASML": 1224.2586669921875
}