{
    "MSFT": 511.2300109863281,
    "NVDA": 177.58999633789062,
    "ORCL": 284.1206970214844,
    "AVGO": 334.489990234375,
    "SMCI": 45.625,
    "VRT": 138.25999450683594,
    "PWR": 405.4049987792969,
    "GEV": 603.7349853515625,
    "IONQ": 67.0,
    "TSLA": 437.6099853515625,
    "AMD": 159.09910583496094,
    "ASML": 953.8150024414062
}