{
    "MSFT": 509.9599914550781,
    "NVDA": 170.18569946289062,
    "ORCL": 299.2900085449219,
    "AVGO": 347.7044982910156,
    "SMCI": 44.650001525878906,
    "VRT": 135.86000061035156,
    "PWR": 376.6000061035156,
    "GEV": 612.3869018554688,
    "IONQ": 65.16010284423828,
    "TSLA": 422.4898986816406,
    "AMD": 158.69000244140625,
    "ASML": 872.489990234375
}