{
    "MSFT": 509.8299865722656,
    "NVDA": 177.0749969482422,
    "ORCL": 305.1600036621094,
    "AVGO": 339.1000061035156,
    "SMCI": 46.88999938964844,
    "VRT": 141.8300018310547,
    "PWR": 405.6000061035156,
    "GEV": 628.9130249023438,
    "IONQ": 74.8499984741211,
    "TSLA": 442.1724853515625,
    "AMD": 161.41000366210938,
    "ASML": 947.4400024414062
}