{
    "MSFT": 506.6600036621094,
    "NVDA": 174.61000061035156,
    "ORCL": 235.09500122070312,
    "AVGO": 290.1188049316406,
    "SMCI": 42.41999816894531,
    "VRT": 127.04000091552734,
    "PWR": 374.57000732421875,
    "GEV": 604.219970703125,
    "IONQ": 36.84579849243164,
    "TSLA": 322.86419677734375,
    "AMD": 164.5500030517578,
    "ASML": 746.8900146484375
}