{
    "MSFT": 477.20001220703125,
    "NVDA": 182.82350158691406,
    "ORCL": 220.5850067138672,
    "AVGO": 407.44000244140625,
    "SMCI": 34.69499969482422,
    "VRT": 182.8300018310547,
    "PWR": 462.8800048828125,
    "GEV": 721.4100952148438,
    "IONQ": 52.66849899291992,
    "TSLA": 447.7406005859375,
    "AMD": 219.96499633789062,
    "ASML": 1107.12109375
}