{
    "MSFT": 508.8999938964844,
    "NVDA": 174.11500549316406,
    "ORCL": 225.52999877929688,
    "AVGO": 296.5400085449219,
    "SMCI": 41.7599983215332,
    "VRT": 127.27999877929688,
    "PWR": 377.5299987792969,
    "GEV": 615.489990234375,
    "IONQ": 42.61000061035156,
    "TSLA": 332.26080322265625,
    "AMD": 163.34500122070312,
    "ASML": 741.989990234375
}