{
    "MSFT": 514.7100219726562,
    "NVDA": 182.2550048828125,
    "ORCL": 248.48500061035156,
    "AVGO": 304.7300109863281,
    "SMCI": 45.79999923706055,
    "VRT": 135.29750061035156,
    "PWR": 383.010009765625,
    "GEV": 623.75,
    "IONQ": 40.2599983215332,
    "TSLA": 334.864990234375,
    "AMD": 175.82510375976562,
    "ASML": 745.8699951171875
}