{
    "MSFT": 522.719970703125,
    "NVDA": 202.44000244140625,
    "ORCL": 259.677490234375,
    "AVGO": 375.29998779296875,
    "SMCI": 51.31999969482422,
    "VRT": 193.37159729003906,
    "PWR": 450.30999755859375,
    "GEV": 575.0,
    "IONQ": 59.97949981689453,
    "TSLA": 441.92498779296875,
    "AMD": 258.3999938964844,
    "ASML": 1080.0150146484375
}