{
    "MSFT": 405.5159912109375,
    "NVDA": 188.85989379882812,
    "ORCL": 158.72000122070312,
    "AVGO": 333.489990234375,
    "SMCI": 30.979999542236328,
    "VRT": 236.80999755859375,
    "PWR": 517.8049926757812,
    "GEV": 827.4199829101562,
    "IONQ": 31.459999084472656,
    "TSLA": 416.260009765625,
    "AMD": 207.4949951171875,
    "ASML": 1415.52001953125
}