{
    "MSFT": 510.9599914550781,
    "NVDA": 183.16000366210938,
    "ORCL": 292.9599914550781,
    "AVGO": 324.6300048828125,
    "SMCI": 52.86000061035156,
    "VRT": 169.00999450683594,
    "PWR": 417.6099853515625,
    "GEV": 604.5599975585938,
    "IONQ": 70.6500015258789,
    "TSLA": 413.489990234375,
    "AMD": 214.89999389648438,
    "ASML": 936.1900024414062
}