{
    "MSFT": 414.05999755859375,
    "NVDA": 191.06700134277344,
    "ORCL": 157.69500732421875,
    "AVGO": 346.6199951171875,
    "SMCI": 33.814998626708984,
    "VRT": 204.76499938964844,
    "PWR": 516.0650024414062,
    "GEV": 811.3250122070312,
    "IONQ": 35.29999923706055,
    "TSLA": 420.0199890136719,
    "AMD": 216.47109985351562,
    "ASML": 1433.5
}