{
    "MSFT": 512.7650146484375,
    "NVDA": 200.02999877929688,
    "ORCL": 248.79989624023438,
    "AVGO": 357.8900146484375,
    "SMCI": 48.33000183105469,
    "VRT": 183.3800048828125,
    "PWR": 442.7809143066406,
    "GEV": 554.4000244140625,
    "IONQ": 53.650001525878906,
    "TSLA": 448.6000061035156,
    "AMD": 253.0399932861328,
    "ASML": 1045.97998046875
}