{
    "MSFT": 510.17999267578125,
    "NVDA": 190.1699981689453,
    "ORCL": 222.85000610351562,
    "AVGO": 342.4599914550781,
    "SMCI": 36.41999816894531,
    "VRT": 170.97000122070312,
    "PWR": 429.29998779296875,
    "GEV": 578.3099975585938,
    "IONQ": 47.18000030517578,
    "TSLA": 404.3500061035156,
    "AMD": 246.80999755859375,
    "ASML": 1006.97998046875
}