{
    "MSFT": 510.239990234375,
    "NVDA": 174.875,
    "ORCL": 305.0299987792969,
    "AVGO": 360.44000244140625,
    "SMCI": 44.82500076293945,
    "VRT": 135.75999450683594,
    "PWR": 376.6499938964844,
    "GEV": 618.6425170898438,
    "IONQ": 62.630001068115234,
    "TSLA": 420.17169189453125,
    "AMD": 160.66000366210938,
    "ASML": 876.9367065429688
}