{
    "MSFT": 523.4400024414062,
    "NVDA": 185.52980041503906,
    "ORCL": 284.6099853515625,
    "AVGO": 335.5150146484375,
    "SMCI": 55.36980056762695,
    "VRT": 159.2949981689453,
    "PWR": 421.6400146484375,
    "GEV": 606.1199951171875,
    "IONQ": 79.63999938964844,
    "TSLA": 434.1400146484375,
    "AMD": 211.06500244140625,
    "ASML": 1003.594970703125
}