{
    "MSFT": 495.0,
    "NVDA": 167.02000427246094,
    "ORCL": 232.8000030517578,
    "AVGO": 334.8900146484375,
    "SMCI": 40.40999984741211,
    "VRT": 124.0,
    "PWR": 372.5,
    "GEV": 582.0800170898438,
    "IONQ": 41.79999923706055,
    "TSLA": 350.8399963378906,
    "AMD": 151.13999938964844,
    "ASML": 781.7000122070312
}