{
    "MSFT": 544.1900024414062,
    "NVDA": 201.58999633789062,
    "ORCL": 282.4223937988281,
    "AVGO": 373.010009765625,
    "SMCI": 52.75,
    "VRT": 193.0,
    "PWR": 439.6499938964844,
    "GEV": 573.239990234375,
    "IONQ": 57.72999954223633,
    "TSLA": 461.5700988769531,
    "AMD": 260.42498779296875,
    "ASML": 1054.9853515625
}