{
    "MSFT": 509.4573974609375,
    "NVDA": 192.2100067138672,
    "ORCL": 226.61000061035156,
    "AVGO": 354.1400146484375,
    "SMCI": 37.83000183105469,
    "VRT": 175.02000427246094,
    "PWR": 452.9849853515625,
    "GEV": 575.5,
    "IONQ": 50.780399322509766,
    "TSLA": 430.3699951171875,
    "AMD": 254.8350067138672,
    "ASML": 1035.56005859375
}