{
    "MSFT": 399.6000061035156,
    "NVDA": 181.9550018310547,
    "ORCL": 154.67999267578125,
    "AVGO": 321.29998779296875,
    "SMCI": 31.565000534057617,
    "VRT": 268.56500244140625,
    "PWR": 572.0999755859375,
    "GEV": 842.2750244140625,
    "IONQ": 33.3849983215332,
    "TSLA": 398.6199035644531,
    "AMD": 196.3800048828125,
    "ASML": 1387.7574462890625
}