{
    "MSFT": 505.8399963378906,
    "NVDA": 174.9499969482422,
    "ORCL": 233.97000122070312,
    "AVGO": 288.8999938964844,
    "SMCI": 42.13460159301758,
    "VRT": 126.8499984741211,
    "PWR": 378.56500244140625,
    "GEV": 609.0549926757812,
    "IONQ": 37.255001068115234,
    "TSLA": 322.1000061035156,
    "AMD": 164.1199951171875,
    "ASML": 734.989990234375
}