{
    "MSFT": 381.8500061035156,
    "NVDA": 172.92999267578125,
    "ORCL": 149.67999267578125,
    "AVGO": 310.510009765625,
    "SMCI": 20.530000686645508,
    "VRT": 255.8800048828125,
    "PWR": 555.3900146484375,
    "GEV": 851.0700073242188,
    "IONQ": 31.200000762939453,
    "TSLA": 367.9599914550781,
    "AMD": 201.3300018310547,
    "ASML": 1317.25
}