{
    "MSFT": 458.7850036621094,
    "NVDA": 181.91000366210938,
    "ORCL": 192.0050048828125,
    "AVGO": 338.9649963378906,
    "SMCI": 28.145000457763672,
    "VRT": 169.1750030517578,
    "PWR": 433.6499938964844,
    "GEV": 644.017822265625,
    "IONQ": 49.380001068115234,
    "TSLA": 436.6600036621094,
    "AMD": 221.63690185546875,
    "ASML": 1258.9649658203125
}