{
    "MSFT": 485.9200134277344,
    "NVDA": 180.99000549316406,
    "ORCL": 191.97000122070312,
    "AVGO": 340.3599853515625,
    "SMCI": 31.110000610351562,
    "VRT": 159.82000732421875,
    "PWR": 426.6600036621094,
    "GEV": 658.280029296875,
    "IONQ": 48.47999954223633,
    "TSLA": 481.20001220703125,
    "AMD": 213.42999267578125,
    "ASML": 1056.02001953125
}