{
    "MSFT": 488.09478759765625,
    "NVDA": 179.08999633789062,
    "ORCL": 200.9199981689453,
    "AVGO": 387.30999755859375,
    "SMCI": 33.71500015258789,
    "VRT": 181.14500427246094,
    "PWR": 453.75,
    "GEV": 578.7282104492188,
    "IONQ": 48.0432014465332,
    "TSLA": 428.1099853515625,
    "AMD": 219.64120483398438,
    "ASML": 1087.8399658203125
}