{
    "MSFT": 503.8999938964844,
    "NVDA": 170.10060119628906,
    "ORCL": 224.2635955810547,
    "AVGO": 297.70001220703125,
    "SMCI": 40.17499923706055,
    "VRT": 123.62999725341797,
    "PWR": 374.114990234375,
    "GEV": 577.719970703125,
    "IONQ": 42.625,
    "TSLA": 329.1449890136719,
    "AMD": 161.36500549316406,
    "ASML": 724.0
}