{
    "MSFT": 398.239990234375,
    "NVDA": 197.19500732421875,
    "ORCL": 149.6300048828125,
    "AVGO": 333.9700012207031,
    "SMCI": 33.59299850463867,
    "VRT": 263.43499755859375,
    "PWR": 567.7100219726562,
    "GEV": 882.9400024414062,
    "IONQ": 33.94499969482422,
    "TSLA": 415.739990234375,
    "AMD": 211.44000244140625,
    "ASML": 1529.1500244140625
}