{
    "MSFT": 397.1499938964844,
    "NVDA": 186.5850067138672,
    "ORCL": 156.27639770507812,
    "AVGO": 332.8699951171875,
    "SMCI": 31.359899520874023,
    "VRT": 243.32000732421875,
    "PWR": 552.0999755859375,
    "GEV": 832.2575073242188,
    "IONQ": 32.869998931884766,
    "TSLA": 409.0400085449219,
    "AMD": 202.27000427246094,
    "ASML": 1448.2249755859375
}