{
    "MSFT": 401.1400146484375,
    "NVDA": 185.41000366210938,
    "ORCL": 142.82000732421875,
    "AVGO": 332.9200134277344,
    "SMCI": 34.380001068115234,
    "VRT": 195.5800018310547,
    "PWR": 508.1099853515625,
    "GEV": 779.3499755859375,
    "IONQ": 34.9900016784668,
    "TSLA": 411.1099853515625,
    "AMD": 208.44000244140625,
    "ASML": 1413.010009765625
}