{
    "MSFT": 399.75,
    "NVDA": 182.7050018310547,
    "ORCL": 149.77000427246094,
    "AVGO": 317.5599060058594,
    "SMCI": 31.78969955444336,
    "VRT": 257.05499267578125,
    "PWR": 571.8599853515625,
    "GEV": 884.594970703125,
    "IONQ": 37.88990020751953,
    "TSLA": 402.6499938964844,
    "AMD": 197.82000732421875,
    "ASML": 1425.4200439453125
}