{
    "MSFT": 485.5,
    "NVDA": 180.25999450683594,
    "ORCL": 204.9600067138672,
    "AVGO": 397.57000732421875,
    "SMCI": 32.83000183105469,
    "VRT": 172.02000427246094,
    "PWR": 460.42999267578125,
    "GEV": 589.719970703125,
    "IONQ": 46.900001525878906,
    "TSLA": 426.5799865722656,
    "AMD": 214.24000549316406,
    "ASML": 1040.969970703125
}