{
    "MSFT": 384.1099853515625,
    "NVDA": 190.47500610351562,
    "ORCL": 139.89500427246094,
    "AVGO": 326.30499267578125,
    "SMCI": 30.864999771118164,
    "VRT": 242.8950958251953,
    "PWR": 546.6300048828125,
    "GEV": 823.3599853515625,
    "IONQ": 30.739999771118164,
    "TSLA": 395.41009521484375,
    "AMD": 194.97000122070312,
    "ASML": 1473.574951171875
}