{
    "MSFT": 511.7699890136719,
    "NVDA": 177.66000366210938,
    "ORCL": 293.30999755859375,
    "AVGO": 361.5,
    "SMCI": 45.154998779296875,
    "VRT": 135.64999389648438,
    "PWR": 385.17999267578125,
    "GEV": 626.8099975585938,
    "IONQ": 55.01499938964844,
    "TSLA": 395.9736022949219,
    "AMD": 158.19000244140625,
    "ASML": 814.0999755859375
}