{
    "MSFT": 492.7060852050781,
    "NVDA": 183.8800048828125,
    "ORCL": 221.9176025390625,
    "AVGO": 344.12921142578125,
    "SMCI": 35.525001525878906,
    "VRT": 167.82000732421875,
    "PWR": 439.5,
    "GEV": 563.6500244140625,
    "IONQ": 49.654998779296875,
    "TSLA": 403.9768981933594,
    "AMD": 232.10330200195312,
    "ASML": 1009.7249755859375
}