{
    "MSFT": 397.3900146484375,
    "NVDA": 189.1999969482422,
    "ORCL": 148.14999389648438,
    "AVGO": 333.06500244140625,
    "SMCI": 32.07500076293945,
    "VRT": 242.58999633789062,
    "PWR": 555.2100219726562,
    "GEV": 835.2039184570312,
    "IONQ": 32.025001525878906,
    "TSLA": 410.82501220703125,
    "AMD": 199.6959991455078,
    "ASML": 1471.1500244140625
}