{
    "MSFT": 511.4700012207031,
    "NVDA": 176.1649932861328,
    "ORCL": 306.1099853515625,
    "AVGO": 344.3450012207031,
    "SMCI": 45.72999954223633,
    "VRT": 142.77999877929688,
    "PWR": 389.260009765625,
    "GEV": 618.5150146484375,
    "IONQ": 70.58499908447266,
    "TSLA": 426.06109619140625,
    "AMD": 156.55999755859375,
    "ASML": 934.4299926757812
}