{
    "MSFT": 465.95001220703125,
    "NVDA": 187.6699981689453,
    "ORCL": 177.16000366210938,
    "AVGO": 320.04998779296875,
    "SMCI": 31.700000762939453,
    "VRT": 182.49000549316406,
    "PWR": 468.760009765625,
    "GEV": 657.780029296875,
    "IONQ": 47.25,
    "TSLA": 449.05999755859375,
    "AMD": 259.67999267578125,
    "ASML": 1389.0400390625
}