{
    "MSFT": 380.3399963378906,
    "NVDA": 172.01499938964844,
    "ORCL": 148.16000366210938,
    "AVGO": 311.4100036621094,
    "SMCI": 20.594999313354492,
    "VRT": 258.8550109863281,
    "PWR": 551.6199951171875,
    "GEV": 846.7974853515625,
    "IONQ": 30.700000762939453,
    "TSLA": 364.9299011230469,
    "AMD": 198.93499755859375,
    "ASML": 1294.5400390625
}