{
    "MSFT": 476.8599853515625,
    "NVDA": 182.2050018310547,
    "ORCL": 212.41000366210938,
    "AVGO": 379.739990234375,
    "SMCI": 33.8650016784668,
    "VRT": 182.39300537109375,
    "PWR": 464.8399963378906,
    "GEV": 632.4500122070312,
    "IONQ": 54.064998626708984,
    "TSLA": 446.8900146484375,
    "AMD": 214.53280639648438,
    "ASML": 1110.9100341796875
}