{
    "MSFT": 509.8999938964844,
    "NVDA": 177.82000732421875,
    "ORCL": 292.17999267578125,
    "AVGO": 359.8699951171875,
    "SMCI": 45.0,
    "VRT": 134.83999633789062,
    "PWR": 382.5299987792969,
    "GEV": 625.5499877929688,
    "IONQ": 55.61000061035156,
    "TSLA": 395.94000244140625,
    "AMD": 158.57000732421875,
    "ASML": 813.8699951171875
}