{
    "MSFT": 399.63751220703125,
    "NVDA": 183.1405029296875,
    "ORCL": 155.58200073242188,
    "AVGO": 324.3949890136719,
    "SMCI": 31.84000015258789,
    "VRT": 265.5199890136719,
    "PWR": 574.0349731445312,
    "GEV": 826.3499755859375,
    "IONQ": 33.55500030517578,
    "TSLA": 395.114990234375,
    "AMD": 196.6300048828125,
    "ASML": 1374.6099853515625
}