{
    "MSFT": 476.8949890136719,
    "NVDA": 183.98699951171875,
    "ORCL": 189.74000549316406,
    "AVGO": 330.6000061035156,
    "SMCI": 29.65999984741211,
    "VRT": 159.8000030517578,
    "PWR": 410.2799987792969,
    "GEV": 623.739990234375,
    "IONQ": 51.0099983215332,
    "TSLA": 433.42999267578125,
    "AMD": 203.57359313964844,
    "ASML": 1187.06005859375
}