{
    "MSFT": 480.1300048828125,
    "NVDA": 182.08999633789062,
    "ORCL": 214.84280395507812,
    "AVGO": 351.3999938964844,
    "SMCI": 32.15999984741211,
    "VRT": 162.53219604492188,
    "PWR": 437.1099853515625,
    "GEV": 569.0501098632812,
    "IONQ": 42.579898834228516,
    "TSLA": 401.5400085449219,
    "AMD": 210.49000549316406,
    "ASML": 988.8350219726562
}