{
    "MSFT": 516.510009765625,
    "NVDA": 185.27999877929688,
    "ORCL": 278.6449890136719,
    "AVGO": 328.8193054199219,
    "SMCI": 47.439998626708984,
    "VRT": 150.17999267578125,
    "PWR": 413.9150085449219,
    "GEV": 612.468994140625,
    "IONQ": 61.1150016784668,
    "TSLA": 441.6199951171875,
    "AMD": 160.42999267578125,
    "ASML": 965.6699829101562
}