{
    "MSFT": 487.7099914550781,
    "NVDA": 190.52999877929688,
    "ORCL": 197.99000549316406,
    "AVGO": 352.1300048828125,
    "SMCI": 30.639999389648438,
    "VRT": 167.5800018310547,
    "PWR": 432.6700134277344,
    "GEV": 663.4600219726562,
    "IONQ": 46.0,
    "TSLA": 475.19000244140625,
    "AMD": 214.99000549316406,
    "ASML": 1072.75
}