{
    "MSFT": 409.79998779296875,
    "NVDA": 180.06500244140625,
    "ORCL": 158.5,
    "AVGO": 338.29998779296875,
    "SMCI": 31.670900344848633,
    "VRT": 248.52999877929688,
    "PWR": 548.5999755859375,
    "GEV": 807.1300048828125,
    "IONQ": 36.22809982299805,
    "TSLA": 398.7349853515625,
    "AMD": 196.05499267578125,
    "ASML": 1315.0570068359375
}