{
    "MSFT": 415.17498779296875,
    "NVDA": 188.9405059814453,
    "ORCL": 161.19500732421875,
    "AVGO": 342.54998779296875,
    "SMCI": 33.560001373291016,
    "VRT": 199.33360290527344,
    "PWR": 511.7799987792969,
    "GEV": 793.5394897460938,
    "IONQ": 35.439998626708984,
    "TSLA": 425.80999755859375,
    "AMD": 214.4600067138672,
    "ASML": 1416.489990234375
}