{
    "MSFT": 471.8900146484375,
    "NVDA": 188.8300018310547,
    "ORCL": 195.58999633789062,
    "AVGO": 347.82501220703125,
    "SMCI": 31.184999465942383,
    "VRT": 174.2100067138672,
    "PWR": 437.5199890136719,
    "GEV": 674.7849731445312,
    "IONQ": 46.314998626708984,
    "TSLA": 437.4685974121094,
    "AMD": 222.4550018310547,
    "ASML": 1163.6400146484375
}