{
    "MSFT": 474.29998779296875,
    "NVDA": 177.2100067138672,
    "ORCL": 185.43499755859375,
    "AVGO": 341.04998779296875,
    "SMCI": 31.565000534057617,
    "VRT": 164.39990234375,
    "PWR": 437.7799987792969,
    "GEV": 685.885009765625,
    "IONQ": 45.80500030517578,
    "TSLA": 476.760009765625,
    "AMD": 210.85499572753906,
    "ASML": 1089.864990234375
}