{
    "MSFT": 506.69000244140625,
    "NVDA": 174.17999267578125,
    "ORCL": 226.1300048828125,
    "AVGO": 297.3900146484375,
    "SMCI": 41.540000915527344,
    "VRT": 127.55000305175781,
    "PWR": 377.9599914550781,
    "GEV": 612.969970703125,
    "IONQ": 42.7400016784668,
    "TSLA": 333.8699951171875,
    "AMD": 162.6300048828125,
    "ASML": 742.6199951171875
}