{
    "MSFT": 461.9056091308594,
    "NVDA": 187.78500366210938,
    "ORCL": 190.97999572753906,
    "AVGO": 347.239990234375,
    "SMCI": 32.2400016784668,
    "VRT": 177.4499969482422,
    "PWR": 467.3800048828125,
    "GEV": 678.489990234375,
    "IONQ": 51.04999923706055,
    "TSLA": 439.6517028808594,
    "AMD": 231.82000732421875,
    "ASML": 1355.5799560546875
}