{
    "MSFT": 485.69500732421875,
    "NVDA": 183.39999389648438,
    "ORCL": 197.9499969482422,
    "AVGO": 343.55999755859375,
    "SMCI": 31.174999237060547,
    "VRT": 166.32000732421875,
    "PWR": 432.75,
    "GEV": 663.4400024414062,
    "IONQ": 54.439998626708984,
    "TSLA": 494.7099914550781,
    "AMD": 214.35000610351562,
    "ASML": 1055.0
}