{
    "MSFT": 472.69500732421875,
    "NVDA": 186.57000732421875,
    "ORCL": 184.02000427246094,
    "AVGO": 327.30999755859375,
    "SMCI": 30.98550033569336,
    "VRT": 182.0,
    "PWR": 470.61138916015625,
    "GEV": 669.5468139648438,
    "IONQ": 44.09000015258789,
    "TSLA": 437.7073974609375,
    "AMD": 252.85499572753906,
    "ASML": 1414.7099609375
}