{
    "MSFT": 399.7900085449219,
    "NVDA": 187.7899932861328,
    "ORCL": 155.55999755859375,
    "AVGO": 332.59149169921875,
    "SMCI": 29.604999542236328,
    "VRT": 241.6750030517578,
    "PWR": 522.5900268554688,
    "GEV": 815.22998046875,
    "IONQ": 33.59000015258789,
    "TSLA": 410.67999267578125,
    "AMD": 198.82119750976562,
    "ASML": 1467.949951171875
}