{
    "MSFT": 483.1600036621094,
    "NVDA": 182.41000366210938,
    "ORCL": 217.5800018310547,
    "AVGO": 390.239990234375,
    "SMCI": 34.689998626708984,
    "VRT": 189.02000427246094,
    "PWR": 460.6400146484375,
    "GEV": 631.3200073242188,
    "IONQ": 52.689998626708984,
    "TSLA": 455.0,
    "AMD": 217.97000122070312,
    "ASML": 1099.469970703125
}