{
    "MSFT": 497.75,
    "NVDA": 169.15499877929688,
    "ORCL": 239.01499938964844,
    "AVGO": 343.8299865722656,
    "SMCI": 40.02989959716797,
    "VRT": 123.48780059814453,
    "PWR": 375.7300109863281,
    "GEV": 600.2150268554688,
    "IONQ": 40.97999954223633,
    "TSLA": 345.9700012207031,
    "AMD": 151.2100067138672,
    "ASML": 797.6900024414062
}