{
    "MSFT": 478.5299987792969,
    "NVDA": 175.02000427246094,
    "ORCL": 189.97000122070312,
    "AVGO": 359.92999267578125,
    "SMCI": 32.33000183105469,
    "VRT": 161.27000427246094,
    "PWR": 438.1099853515625,
    "GEV": 671.7100219726562,
    "IONQ": 50.349998474121094,
    "TSLA": 458.9599914550781,
    "AMD": 210.77999877929688,
    "ASML": 1080.8499755859375
}