{
    "MSFT": 521.7650146484375,
    "NVDA": 182.0399932861328,
    "ORCL": 244.1999969482422,
    "AVGO": 311.05999755859375,
    "SMCI": 45.38999938964844,
    "VRT": 132.25999450683594,
    "PWR": 377.44000244140625,
    "GEV": 623.6947021484375,
    "IONQ": 40.779998779296875,
    "TSLA": 334.614990234375,
    "AMD": 180.53550720214844,
    "ASML": 748.8499755859375
}