{
    "MSFT": 481.0150146484375,
    "NVDA": 191.9001007080078,
    "ORCL": 175.10499572753906,
    "AVGO": 330.8800048828125,
    "SMCI": 31.420000076293945,
    "VRT": 192.52000427246094,
    "PWR": 484.20001220703125,
    "GEV": 708.6099853515625,
    "IONQ": 45.880001068115234,
    "TSLA": 432.70001220703125,
    "AMD": 252.6699981689453,
    "ASML": 1422.9200439453125
}