{
    "MSFT": 484.19500732421875,
    "NVDA": 180.4250030517578,
    "ORCL": 193.2003936767578,
    "AVGO": 336.0046081542969,
    "SMCI": 30.885000228881836,
    "VRT": 161.38499450683594,
    "PWR": 428.3500061035156,
    "GEV": 656.3800048828125,
    "IONQ": 48.79999923706055,
    "TSLA": 482.5899963378906,
    "AMD": 214.17999267578125,
    "ASML": 1058.8699951171875
}