{
    "MSFT": 502.760009765625,
    "NVDA": 169.35989379882812,
    "ORCL": 222.52000427246094,
    "AVGO": 300.1050109863281,
    "SMCI": 39.88999938964844,
    "VRT": 124.66999816894531,
    "PWR": 372.1600036621094,
    "GEV": 566.7100219726562,
    "IONQ": 40.69990158081055,
    "TSLA": 335.14898681640625,
    "AMD": 160.9217071533203,
    "ASML": 733.7274780273438
}