{
    "MSFT": 404.8699951171875,
    "NVDA": 184.25999450683594,
    "ORCL": 150.2050018310547,
    "AVGO": 342.7799987792969,
    "SMCI": 32.08000183105469,
    "VRT": 270.2550048828125,
    "PWR": 565.1599731445312,
    "GEV": 840.97998046875,
    "IONQ": 35.599998474121094,
    "TSLA": 400.32000732421875,
    "AMD": 203.66000366210938,
    "ASML": 1388.614990234375
}