{
    "MSFT": 408.9599914550781,
    "NVDA": 177.82000732421875,
    "ORCL": 152.9600067138672,
    "AVGO": 330.4800109863281,
    "SMCI": 31.309999465942383,
    "VRT": 241.77999877929688,
    "PWR": 540.1900024414062,
    "GEV": 789.22998046875,
    "IONQ": 35.72999954223633,
    "TSLA": 396.7300109863281,
    "AMD": 192.42999267578125,
    "ASML": 1292.800048828125
}