{
    "MSFT": 487.4700012207031,
    "NVDA": 192.46499633789062,
    "ORCL": 197.7100067138672,
    "AVGO": 352.6050109863281,
    "SMCI": 30.489999771118164,
    "VRT": 166.97999572753906,
    "PWR": 432.4599914550781,
    "GEV": 662.5650024414062,
    "IONQ": 46.20000076293945,
    "TSLA": 478.57000732421875,
    "AMD": 215.2050018310547,
    "ASML": 1075.25
}