{
    "MSFT": 466.6449890136719,
    "NVDA": 184.87010192871094,
    "ORCL": 202.00999450683594,
    "AVGO": 356.7049865722656,
    "SMCI": 28.267499923706055,
    "VRT": 173.4199981689453,
    "PWR": 442.67999267578125,
    "GEV": 650.3499755859375,
    "IONQ": 49.01789855957031,
    "TSLA": 445.114990234375,
    "AMD": 221.8350067138672,
    "ASML": 1277.280029296875
}