{
    "MSFT": 503.8599853515625,
    "NVDA": 184.55999755859375,
    "ORCL": 216.09500122070312,
    "AVGO": 335.7149963378906,
    "SMCI": 34.89580154418945,
    "VRT": 161.15499877929688,
    "PWR": 427.760009765625,
    "GEV": 538.3400268554688,
    "IONQ": 44.4098014831543,
    "TSLA": 398.3594970703125,
    "AMD": 247.88499450683594,
    "ASML": 1014.1199951171875
}