{
    "MSFT": 454.18609619140625,
    "NVDA": 178.7100067138672,
    "ORCL": 181.1750030517578,
    "AVGO": 334.1700134277344,
    "SMCI": 31.270000457763672,
    "VRT": 173.87010192871094,
    "PWR": 463.8599853515625,
    "GEV": 679.4199829101562,
    "IONQ": 51.80160140991211,
    "TSLA": 419.79998779296875,
    "AMD": 231.14500427246094,
    "ASML": 1318.820068359375
}