{
    "MSFT": 485.9049987792969,
    "NVDA": 188.05250549316406,
    "ORCL": 196.2449951171875,
    "AVGO": 348.9700012207031,
    "SMCI": 29.299999237060547,
    "VRT": 163.44500732421875,
    "PWR": 423.30999755859375,
    "GEV": 657.27001953125,
    "IONQ": 45.02000045776367,
    "TSLA": 453.2699890136719,
    "AMD": 216.04420471191406,
    "ASML": 1074.8900146484375
}