{
    "MSFT": 521.4000244140625,
    "NVDA": 182.5449981689453,
    "ORCL": 253.1999969482422,
    "AVGO": 304.7900085449219,
    "SMCI": 45.91999816894531,
    "VRT": 140.05499267578125,
    "PWR": 384.6300048828125,
    "GEV": 650.3300170898438,
    "IONQ": 44.939998626708984,
    "TSLA": 342.099609375,
    "AMD": 173.093994140625,
    "ASML": 722.9199829101562
}