{
    "MSFT": 402.9549865722656,
    "NVDA": 182.92999267578125,
    "ORCL": 159.36000061035156,
    "AVGO": 335.5199890136719,
    "SMCI": 30.889999389648438,
    "VRT": 266.7799987792969,
    "PWR": 567.5855102539062,
    "GEV": 830.5800170898438,
    "IONQ": 33.28499984741211,
    "TSLA": 397.1643981933594,
    "AMD": 197.64500427246094,
    "ASML": 1351.050048828125
}